scenario_id,model_name,total_units,true_positives,false_positives,true_negatives,false_negatives,precision,recall,f1,false_positive_rate,detection_status,detection_latency_sec
cpu-saturation,prophet,30,5,11,9,5,0.3125,0.5,0.384615,0.55,detected,2.0
cpu-saturation,isolation_forest,30,7,9,11,3,0.4375,0.7,0.538462,0.45,detected,2.0
cpu-saturation,autoencoder,30,7,9,11,3,0.4375,0.7,0.538462,0.45,detected,1.0
memory-exhaustion,prophet,30,5,11,9,5,0.3125,0.5,0.384615,0.55,detected,2.0
memory-exhaustion,isolation_forest,30,7,9,11,3,0.4375,0.7,0.538462,0.45,detected,2.0
memory-exhaustion,autoencoder,30,7,9,11,3,0.4375,0.7,0.538462,0.45,detected,1.0
connection-exhaustion,prophet,30,5,11,9,5,0.3125,0.5,0.384615,0.55,detected,2.0
connection-exhaustion,isolation_forest,30,7,9,11,3,0.4375,0.7,0.538462,0.45,detected,2.0
connection-exhaustion,autoencoder,30,7,9,11,3,0.4375,0.7,0.538462,0.45,detected,1.0
dependency-latency,prophet,30,5,11,9,5,0.3125,0.5,0.384615,0.55,detected,2.0
dependency-latency,isolation_forest,30,7,9,11,3,0.4375,0.7,0.538462,0.45,detected,2.0
dependency-latency,autoencoder,30,7,9,11,3,0.4375,0.7,0.538462,0.45,detected,1.0
dependency-failure,prophet,30,5,11,9,5,0.3125,0.5,0.384615,0.55,detected,2.0
dependency-failure,isolation_forest,30,7,9,11,3,0.4375,0.7,0.538462,0.45,detected,2.0
dependency-failure,autoencoder,30,7,9,11,3,0.4375,0.7,0.538462,0.45,detected,1.0
error-rate-spike,prophet,30,5,11,9,5,0.3125,0.5,0.384615,0.55,detected,2.0
error-rate-spike,isolation_forest,30,7,9,11,3,0.4375,0.7,0.538462,0.45,detected,2.0
error-rate-spike,autoencoder,30,7,9,11,3,0.4375,0.7,0.538462,0.45,detected,1.0
traffic-surge,prophet,30,4,12,8,6,0.25,0.4,0.307692,0.6,detected,2.0
traffic-surge,isolation_forest,30,4,11,9,6,0.266667,0.4,0.32,0.55,detected,2.0
traffic-surge,autoencoder,30,3,9,11,7,0.25,0.3,0.272727,0.45,detected,1.0
bad-deployment-config,prophet,30,5,11,9,5,0.3125,0.5,0.384615,0.55,detected,2.0
bad-deployment-config,isolation_forest,30,7,9,11,3,0.4375,0.7,0.538462,0.45,detected,2.0
bad-deployment-config,autoencoder,30,7,9,11,3,0.4375,0.7,0.538462,0.45,detected,1.0
